CREATE TABLE IF NOT EXISTS "auth_group" ("id" integer NOT NULL PRIMARY KEY AUTOINCREMENT, "name" varchar(150) NOT NULL UNIQUE);
CREATE UNIQUE INDEX "auth_group_permissions_group_id_permission_id_0cd325b0_uniq" ON "auth_group_permissions" ("group_id", "permission_id");
CREATE INDEX IF NOT EXISTS "auth_group_permissions_group_id_b120cbf9" ON "auth_group_permissions" ("group_id");
CREATE INDEX IF NOT EXISTS "auth_group_permissions_permission_id_84c5c92e" ON "auth_group_permissions" ("permission_id");
CREATE UNIQUE INDEX "auth_user_groups_user_id_group_id_94350c0c_uniq" ON "auth_user_groups" ("user_id", "group_id");
CREATE INDEX IF NOT EXISTS "auth_user_groups_user_id_6a12ed8b" ON "auth_user_groups" ("user_id");
CREATE INDEX IF NOT EXISTS "auth_user_groups_group_id_97559544" ON "auth_user_groups" ("group_id");
CREATE UNIQUE INDEX "auth_user_user_permissions_user_id_permission_id_14a6b632_uniq" ON "auth_user_user_permissions" ("user_id", "permission_id");
CREATE INDEX IF NOT EXISTS "auth_user_user_permissions_user_id_a95ead1b" ON "auth_user_user_permissions" ("user_id");
CREATE INDEX IF NOT EXISTS "auth_user_user_permissions_permission_id_1fbb5f2c" ON "auth_user_user_permissions" ("permission_id");
CREATE INDEX IF NOT EXISTS "django_admin_log_content_type_id_c4bce8eb" ON "django_admin_log" ("content_type_id");
CREATE INDEX IF NOT EXISTS "django_admin_log_user_id_c564eba6" ON "django_admin_log" ("user_id");
CREATE UNIQUE INDEX "django_content_type_app_label_model_76bd3d3b_uniq" ON "django_content_type" ("app_label", "model");
CREATE UNIQUE INDEX "auth_permission_content_type_id_codename_01ab375a_uniq" ON "auth_permission" ("content_type_id", "codename");
CREATE INDEX IF NOT EXISTS "auth_permission_content_type_id_2f476e4b" ON "auth_permission" ("content_type_id");
CREATE INDEX IF NOT EXISTS "django_session_expire_date_a5c62663" ON "django_session" ("expire_date");
CREATE INDEX IF NOT EXISTS "invoice_service_invoice_id_cb9689a5" ON "invoice_service" ("invoice_id");
CREATE INDEX IF NOT EXISTS "invoice_invoicedetail_invoice_id_3448508c" ON "invoice_invoicedetail" ("invoice_id");
CREATE INDEX IF NOT EXISTS "invoice_invoicedetail_product_id_bc576d1e" ON "invoice_invoicedetail" ("product_id");
CREATE INDEX IF NOT EXISTS "invoice_invoice_subscription_id_3a35089c" ON "invoice_invoice" ("subscription_id");
CREATE INDEX IF NOT EXISTS "invoice_complain_invoice_id_97f08f61" ON "invoice_complain" ("invoice_id");
CREATE TABLE IF NOT EXISTS "auth_group_permissions" ("id" integer NOT NULL PRIMARY KEY AUTOINCREMENT, "group_id" integer NOT NULL REFERENCES "auth_group" ("id") DEFERRABLE INITIALLY DEFERRED, "permission_id" integer NOT NULL REFERENCES "auth_permission" ("id") DEFERRABLE INITIALLY DEFERRED);
CREATE UNIQUE INDEX "auth_group_permissions_group_id_permission_id_0cd325b0_uniq" ON "auth_group_permissions" ("group_id", "permission_id");
CREATE INDEX IF NOT EXISTS "auth_group_permissions_group_id_b120cbf9" ON "auth_group_permissions" ("group_id");
CREATE INDEX IF NOT EXISTS "auth_group_permissions_permission_id_84c5c92e" ON "auth_group_permissions" ("permission_id");
CREATE UNIQUE INDEX "auth_user_groups_user_id_group_id_94350c0c_uniq" ON "auth_user_groups" ("user_id", "group_id");
CREATE INDEX IF NOT EXISTS "auth_user_groups_user_id_6a12ed8b" ON "auth_user_groups" ("user_id");
CREATE INDEX IF NOT EXISTS "auth_user_groups_group_id_97559544" ON "auth_user_groups" ("group_id");
CREATE UNIQUE INDEX "auth_user_user_permissions_user_id_permission_id_14a6b632_uniq" ON "auth_user_user_permissions" ("user_id", "permission_id");
CREATE INDEX IF NOT EXISTS "auth_user_user_permissions_user_id_a95ead1b" ON "auth_user_user_permissions" ("user_id");
CREATE INDEX IF NOT EXISTS "auth_user_user_permissions_permission_id_1fbb5f2c" ON "auth_user_user_permissions" ("permission_id");
CREATE INDEX IF NOT EXISTS "django_admin_log_content_type_id_c4bce8eb" ON "django_admin_log" ("content_type_id");
CREATE INDEX IF NOT EXISTS "django_admin_log_user_id_c564eba6" ON "django_admin_log" ("user_id");
CREATE UNIQUE INDEX "django_content_type_app_label_model_76bd3d3b_uniq" ON "django_content_type" ("app_label", "model");
CREATE UNIQUE INDEX "auth_permission_content_type_id_codename_01ab375a_uniq" ON "auth_permission" ("content_type_id", "codename");
CREATE INDEX IF NOT EXISTS "auth_permission_content_type_id_2f476e4b" ON "auth_permission" ("content_type_id");
CREATE INDEX IF NOT EXISTS "django_session_expire_date_a5c62663" ON "django_session" ("expire_date");
CREATE INDEX IF NOT EXISTS "invoice_service_invoice_id_cb9689a5" ON "invoice_service" ("invoice_id");
CREATE INDEX IF NOT EXISTS "invoice_invoicedetail_invoice_id_3448508c" ON "invoice_invoicedetail" ("invoice_id");
CREATE INDEX IF NOT EXISTS "invoice_invoicedetail_product_id_bc576d1e" ON "invoice_invoicedetail" ("product_id");
CREATE INDEX IF NOT EXISTS "invoice_invoice_subscription_id_3a35089c" ON "invoice_invoice" ("subscription_id");
CREATE INDEX IF NOT EXISTS "invoice_complain_invoice_id_97f08f61" ON "invoice_complain" ("invoice_id");
CREATE TABLE IF NOT EXISTS "auth_permission" ("id" integer NOT NULL PRIMARY KEY AUTOINCREMENT, "content_type_id" integer NOT NULL REFERENCES "django_content_type" ("id") DEFERRABLE INITIALLY DEFERRED, "codename" varchar(100) NOT NULL, "name" varchar(255) NOT NULL);
INSERT INTO "auth_permission" VALUES(1,1,'add_logentry','Can add log entry');
INSERT INTO "auth_permission" VALUES(2,1,'change_logentry','Can change log entry');
INSERT INTO "auth_permission" VALUES(3,1,'delete_logentry','Can delete log entry');
INSERT INTO "auth_permission" VALUES(4,1,'view_logentry','Can view log entry');
INSERT INTO "auth_permission" VALUES(5,2,'add_permission','Can add permission');
INSERT INTO "auth_permission" VALUES(6,2,'change_permission','Can change permission');
INSERT INTO "auth_permission" VALUES(7,2,'delete_permission','Can delete permission');
INSERT INTO "auth_permission" VALUES(8,2,'view_permission','Can view permission');
INSERT INTO "auth_permission" VALUES(9,3,'add_group','Can add group');
INSERT INTO "auth_permission" VALUES(10,3,'change_group','Can change group');
INSERT INTO "auth_permission" VALUES(11,3,'delete_group','Can delete group');
INSERT INTO "auth_permission" VALUES(12,3,'view_group','Can view group');
INSERT INTO "auth_permission" VALUES(13,4,'add_user','Can add user');
INSERT INTO "auth_permission" VALUES(14,4,'change_user','Can change user');
INSERT INTO "auth_permission" VALUES(15,4,'delete_user','Can delete user');
INSERT INTO "auth_permission" VALUES(16,4,'view_user','Can view user');
INSERT INTO "auth_permission" VALUES(17,5,'add_contenttype','Can add content type');
INSERT INTO "auth_permission" VALUES(18,5,'change_contenttype','Can change content type');
INSERT INTO "auth_permission" VALUES(19,5,'delete_contenttype','Can delete content type');
INSERT INTO "auth_permission" VALUES(20,5,'view_contenttype','Can view content type');
INSERT INTO "auth_permission" VALUES(21,6,'add_session','Can add session');
INSERT INTO "auth_permission" VALUES(22,6,'change_session','Can change session');
INSERT INTO "auth_permission" VALUES(23,6,'delete_session','Can delete session');
INSERT INTO "auth_permission" VALUES(24,6,'view_session','Can view session');
INSERT INTO "auth_permission" VALUES(25,7,'add_site','Can add site');
INSERT INTO "auth_permission" VALUES(26,7,'change_site','Can change site');
INSERT INTO "auth_permission" VALUES(27,7,'delete_site','Can delete site');
INSERT INTO "auth_permission" VALUES(28,7,'view_site','Can view site');
INSERT INTO "auth_permission" VALUES(29,8,'add_product','Can add product');
INSERT INTO "auth_permission" VALUES(30,8,'change_product','Can change product');
INSERT INTO "auth_permission" VALUES(31,8,'delete_product','Can delete product');
INSERT INTO "auth_permission" VALUES(32,8,'view_product','Can view product');
INSERT INTO "auth_permission" VALUES(33,9,'add_subscription','Can add subscription');
INSERT INTO "auth_permission" VALUES(34,9,'change_subscription','Can change subscription');
INSERT INTO "auth_permission" VALUES(35,9,'delete_subscription','Can delete subscription');
INSERT INTO "auth_permission" VALUES(36,9,'view_subscription','Can view subscription');
INSERT INTO "auth_permission" VALUES(37,10,'add_invoice','Can add invoice');
INSERT INTO "auth_permission" VALUES(38,10,'change_invoice','Can change invoice');
INSERT INTO "auth_permission" VALUES(39,10,'delete_invoice','Can delete invoice');
INSERT INTO "auth_permission" VALUES(40,10,'view_invoice','Can view invoice');
INSERT INTO "auth_permission" VALUES(41,11,'add_invoicedetail','Can add invoice detail');
INSERT INTO "auth_permission" VALUES(42,11,'change_invoicedetail','Can change invoice detail');
INSERT INTO "auth_permission" VALUES(43,11,'delete_invoicedetail','Can delete invoice detail');
INSERT INTO "auth_permission" VALUES(44,11,'view_invoicedetail','Can view invoice detail');
INSERT INTO "auth_permission" VALUES(45,12,'add_service','Can add service');
INSERT INTO "auth_permission" VALUES(46,12,'change_service','Can change service');
INSERT INTO "auth_permission" VALUES(47,12,'delete_service','Can delete service');
INSERT INTO "auth_permission" VALUES(48,12,'view_service','Can view service');
INSERT INTO "auth_permission" VALUES(49,13,'add_complain','Can add complain');
INSERT INTO "auth_permission" VALUES(50,13,'change_complain','Can change complain');
INSERT INTO "auth_permission" VALUES(51,13,'delete_complain','Can delete complain');
INSERT INTO "auth_permission" VALUES(52,13,'view_complain','Can view complain');
CREATE UNIQUE INDEX "auth_group_permissions_group_id_permission_id_0cd325b0_uniq" ON "auth_group_permissions" ("group_id", "permission_id");
CREATE INDEX IF NOT EXISTS "auth_group_permissions_group_id_b120cbf9" ON "auth_group_permissions" ("group_id");
CREATE INDEX IF NOT EXISTS "auth_group_permissions_permission_id_84c5c92e" ON "auth_group_permissions" ("permission_id");
CREATE UNIQUE INDEX "auth_user_groups_user_id_group_id_94350c0c_uniq" ON "auth_user_groups" ("user_id", "group_id");
CREATE INDEX IF NOT EXISTS "auth_user_groups_user_id_6a12ed8b" ON "auth_user_groups" ("user_id");
CREATE INDEX IF NOT EXISTS "auth_user_groups_group_id_97559544" ON "auth_user_groups" ("group_id");
CREATE UNIQUE INDEX "auth_user_user_permissions_user_id_permission_id_14a6b632_uniq" ON "auth_user_user_permissions" ("user_id", "permission_id");
CREATE INDEX IF NOT EXISTS "auth_user_user_permissions_user_id_a95ead1b" ON "auth_user_user_permissions" ("user_id");
CREATE INDEX IF NOT EXISTS "auth_user_user_permissions_permission_id_1fbb5f2c" ON "auth_user_user_permissions" ("permission_id");
CREATE INDEX IF NOT EXISTS "django_admin_log_content_type_id_c4bce8eb" ON "django_admin_log" ("content_type_id");
CREATE INDEX IF NOT EXISTS "django_admin_log_user_id_c564eba6" ON "django_admin_log" ("user_id");
CREATE UNIQUE INDEX "django_content_type_app_label_model_76bd3d3b_uniq" ON "django_content_type" ("app_label", "model");
CREATE UNIQUE INDEX "auth_permission_content_type_id_codename_01ab375a_uniq" ON "auth_permission" ("content_type_id", "codename");
CREATE INDEX IF NOT EXISTS "auth_permission_content_type_id_2f476e4b" ON "auth_permission" ("content_type_id");
CREATE INDEX IF NOT EXISTS "django_session_expire_date_a5c62663" ON "django_session" ("expire_date");
CREATE INDEX IF NOT EXISTS "invoice_service_invoice_id_cb9689a5" ON "invoice_service" ("invoice_id");
CREATE INDEX IF NOT EXISTS "invoice_invoicedetail_invoice_id_3448508c" ON "invoice_invoicedetail" ("invoice_id");
CREATE INDEX IF NOT EXISTS "invoice_invoicedetail_product_id_bc576d1e" ON "invoice_invoicedetail" ("product_id");
CREATE INDEX IF NOT EXISTS "invoice_invoice_subscription_id_3a35089c" ON "invoice_invoice" ("subscription_id");
CREATE INDEX IF NOT EXISTS "invoice_complain_invoice_id_97f08f61" ON "invoice_complain" ("invoice_id");
CREATE TABLE IF NOT EXISTS "auth_user" ("id" integer NOT NULL PRIMARY KEY AUTOINCREMENT, "password" varchar(128) NOT NULL, "last_login" datetime NULL, "is_superuser" bool NOT NULL, "username" varchar(150) NOT NULL UNIQUE, "last_name" varchar(150) NOT NULL, "email" varchar(254) NOT NULL, "is_staff" bool NOT NULL, "is_active" bool NOT NULL, "date_joined" datetime NOT NULL, "first_name" varchar(150) NOT NULL);
INSERT INTO "auth_user" VALUES(1,'pbkdf2_sha256$216000$wysWD7t181W8$5X2zApaTyCB7VJSK26LSSvwDVkArdsU0paRXVbXL664=','2024-01-07 05:23:54.093497',1,'root','','root@gmail.com',1,1,'2023-12-30 06:41:35.651183','');
CREATE UNIQUE INDEX "auth_group_permissions_group_id_permission_id_0cd325b0_uniq" ON "auth_group_permissions" ("group_id", "permission_id");
CREATE INDEX IF NOT EXISTS "auth_group_permissions_group_id_b120cbf9" ON "auth_group_permissions" ("group_id");
CREATE INDEX IF NOT EXISTS "auth_group_permissions_permission_id_84c5c92e" ON "auth_group_permissions" ("permission_id");
CREATE UNIQUE INDEX "auth_user_groups_user_id_group_id_94350c0c_uniq" ON "auth_user_groups" ("user_id", "group_id");
CREATE INDEX IF NOT EXISTS "auth_user_groups_user_id_6a12ed8b" ON "auth_user_groups" ("user_id");
CREATE INDEX IF NOT EXISTS "auth_user_groups_group_id_97559544" ON "auth_user_groups" ("group_id");
CREATE UNIQUE INDEX "auth_user_user_permissions_user_id_permission_id_14a6b632_uniq" ON "auth_user_user_permissions" ("user_id", "permission_id");
CREATE INDEX IF NOT EXISTS "auth_user_user_permissions_user_id_a95ead1b" ON "auth_user_user_permissions" ("user_id");
CREATE INDEX IF NOT EXISTS "auth_user_user_permissions_permission_id_1fbb5f2c" ON "auth_user_user_permissions" ("permission_id");
CREATE INDEX IF NOT EXISTS "django_admin_log_content_type_id_c4bce8eb" ON "django_admin_log" ("content_type_id");
CREATE INDEX IF NOT EXISTS "django_admin_log_user_id_c564eba6" ON "django_admin_log" ("user_id");
CREATE UNIQUE INDEX "django_content_type_app_label_model_76bd3d3b_uniq" ON "django_content_type" ("app_label", "model");
CREATE UNIQUE INDEX "auth_permission_content_type_id_codename_01ab375a_uniq" ON "auth_permission" ("content_type_id", "codename");
CREATE INDEX IF NOT EXISTS "auth_permission_content_type_id_2f476e4b" ON "auth_permission" ("content_type_id");
CREATE INDEX IF NOT EXISTS "django_session_expire_date_a5c62663" ON "django_session" ("expire_date");
CREATE INDEX IF NOT EXISTS "invoice_service_invoice_id_cb9689a5" ON "invoice_service" ("invoice_id");
CREATE INDEX IF NOT EXISTS "invoice_invoicedetail_invoice_id_3448508c" ON "invoice_invoicedetail" ("invoice_id");
CREATE INDEX IF NOT EXISTS "invoice_invoicedetail_product_id_bc576d1e" ON "invoice_invoicedetail" ("product_id");
CREATE INDEX IF NOT EXISTS "invoice_invoice_subscription_id_3a35089c" ON "invoice_invoice" ("subscription_id");
CREATE INDEX IF NOT EXISTS "invoice_complain_invoice_id_97f08f61" ON "invoice_complain" ("invoice_id");
CREATE TABLE IF NOT EXISTS "auth_user_groups" ("id" integer NOT NULL PRIMARY KEY AUTOINCREMENT, "user_id" integer NOT NULL REFERENCES "auth_user" ("id") DEFERRABLE INITIALLY DEFERRED, "group_id" integer NOT NULL REFERENCES "auth_group" ("id") DEFERRABLE INITIALLY DEFERRED);
CREATE UNIQUE INDEX "auth_group_permissions_group_id_permission_id_0cd325b0_uniq" ON "auth_group_permissions" ("group_id", "permission_id");
CREATE INDEX IF NOT EXISTS "auth_group_permissions_group_id_b120cbf9" ON "auth_group_permissions" ("group_id");
CREATE INDEX IF NOT EXISTS "auth_group_permissions_permission_id_84c5c92e" ON "auth_group_permissions" ("permission_id");
CREATE UNIQUE INDEX "auth_user_groups_user_id_group_id_94350c0c_uniq" ON "auth_user_groups" ("user_id", "group_id");
CREATE INDEX IF NOT EXISTS "auth_user_groups_user_id_6a12ed8b" ON "auth_user_groups" ("user_id");
CREATE INDEX IF NOT EXISTS "auth_user_groups_group_id_97559544" ON "auth_user_groups" ("group_id");
CREATE UNIQUE INDEX "auth_user_user_permissions_user_id_permission_id_14a6b632_uniq" ON "auth_user_user_permissions" ("user_id", "permission_id");
CREATE INDEX IF NOT EXISTS "auth_user_user_permissions_user_id_a95ead1b" ON "auth_user_user_permissions" ("user_id");
CREATE INDEX IF NOT EXISTS "auth_user_user_permissions_permission_id_1fbb5f2c" ON "auth_user_user_permissions" ("permission_id");
CREATE INDEX IF NOT EXISTS "django_admin_log_content_type_id_c4bce8eb" ON "django_admin_log" ("content_type_id");
CREATE INDEX IF NOT EXISTS "django_admin_log_user_id_c564eba6" ON "django_admin_log" ("user_id");
CREATE UNIQUE INDEX "django_content_type_app_label_model_76bd3d3b_uniq" ON "django_content_type" ("app_label", "model");
CREATE UNIQUE INDEX "auth_permission_content_type_id_codename_01ab375a_uniq" ON "auth_permission" ("content_type_id", "codename");
CREATE INDEX IF NOT EXISTS "auth_permission_content_type_id_2f476e4b" ON "auth_permission" ("content_type_id");
CREATE INDEX IF NOT EXISTS "django_session_expire_date_a5c62663" ON "django_session" ("expire_date");
CREATE INDEX IF NOT EXISTS "invoice_service_invoice_id_cb9689a5" ON "invoice_service" ("invoice_id");
CREATE INDEX IF NOT EXISTS "invoice_invoicedetail_invoice_id_3448508c" ON "invoice_invoicedetail" ("invoice_id");
CREATE INDEX IF NOT EXISTS "invoice_invoicedetail_product_id_bc576d1e" ON "invoice_invoicedetail" ("product_id");
CREATE INDEX IF NOT EXISTS "invoice_invoice_subscription_id_3a35089c" ON "invoice_invoice" ("subscription_id");
CREATE INDEX IF NOT EXISTS "invoice_complain_invoice_id_97f08f61" ON "invoice_complain" ("invoice_id");
CREATE TABLE IF NOT EXISTS "auth_user_user_permissions" ("id" integer NOT NULL PRIMARY KEY AUTOINCREMENT, "user_id" integer NOT NULL REFERENCES "auth_user" ("id") DEFERRABLE INITIALLY DEFERRED, "permission_id" integer NOT NULL REFERENCES "auth_permission" ("id") DEFERRABLE INITIALLY DEFERRED);
CREATE UNIQUE INDEX "auth_group_permissions_group_id_permission_id_0cd325b0_uniq" ON "auth_group_permissions" ("group_id", "permission_id");
CREATE INDEX IF NOT EXISTS "auth_group_permissions_group_id_b120cbf9" ON "auth_group_permissions" ("group_id");
CREATE INDEX IF NOT EXISTS "auth_group_permissions_permission_id_84c5c92e" ON "auth_group_permissions" ("permission_id");
CREATE UNIQUE INDEX "auth_user_groups_user_id_group_id_94350c0c_uniq" ON "auth_user_groups" ("user_id", "group_id");
CREATE INDEX IF NOT EXISTS "auth_user_groups_user_id_6a12ed8b" ON "auth_user_groups" ("user_id");
CREATE INDEX IF NOT EXISTS "auth_user_groups_group_id_97559544" ON "auth_user_groups" ("group_id");
CREATE UNIQUE INDEX "auth_user_user_permissions_user_id_permission_id_14a6b632_uniq" ON "auth_user_user_permissions" ("user_id", "permission_id");
CREATE INDEX IF NOT EXISTS "auth_user_user_permissions_user_id_a95ead1b" ON "auth_user_user_permissions" ("user_id");
CREATE INDEX IF NOT EXISTS "auth_user_user_permissions_permission_id_1fbb5f2c" ON "auth_user_user_permissions" ("permission_id");
CREATE INDEX IF NOT EXISTS "django_admin_log_content_type_id_c4bce8eb" ON "django_admin_log" ("content_type_id");
CREATE INDEX IF NOT EXISTS "django_admin_log_user_id_c564eba6" ON "django_admin_log" ("user_id");
CREATE UNIQUE INDEX "django_content_type_app_label_model_76bd3d3b_uniq" ON "django_content_type" ("app_label", "model");
CREATE UNIQUE INDEX "auth_permission_content_type_id_codename_01ab375a_uniq" ON "auth_permission" ("content_type_id", "codename");
CREATE INDEX IF NOT EXISTS "auth_permission_content_type_id_2f476e4b" ON "auth_permission" ("content_type_id");
CREATE INDEX IF NOT EXISTS "django_session_expire_date_a5c62663" ON "django_session" ("expire_date");
CREATE INDEX IF NOT EXISTS "invoice_service_invoice_id_cb9689a5" ON "invoice_service" ("invoice_id");
CREATE INDEX IF NOT EXISTS "invoice_invoicedetail_invoice_id_3448508c" ON "invoice_invoicedetail" ("invoice_id");
CREATE INDEX IF NOT EXISTS "invoice_invoicedetail_product_id_bc576d1e" ON "invoice_invoicedetail" ("product_id");
CREATE INDEX IF NOT EXISTS "invoice_invoice_subscription_id_3a35089c" ON "invoice_invoice" ("subscription_id");
CREATE INDEX IF NOT EXISTS "invoice_complain_invoice_id_97f08f61" ON "invoice_complain" ("invoice_id");
CREATE TABLE IF NOT EXISTS "django_admin_log" ("id" integer NOT NULL PRIMARY KEY AUTOINCREMENT, "action_time" datetime NOT NULL, "object_id" text NULL, "object_repr" varchar(200) NOT NULL, "change_message" text NOT NULL, "content_type_id" integer NULL REFERENCES "django_content_type" ("id") DEFERRABLE INITIALLY DEFERRED, "user_id" integer NOT NULL REFERENCES "auth_user" ("id") DEFERRABLE INITIALLY DEFERRED, "action_flag" smallint unsigned NOT NULL CHECK ("action_flag" >= 0));
INSERT INTO "django_admin_log" VALUES(1,'2023-12-30 06:47:14.038312','1','Repert Service after 4-4 month for 12-months ','[{"added": {}}]',9,1,1);
INSERT INTO "django_admin_log" VALUES(2,'2023-12-30 06:47:25.818528','2','Repert Service after 4-4 month for 24-months ','[{"added": {}}]',9,1,1);
INSERT INTO "django_admin_log" VALUES(3,'2023-12-30 10:10:21.379517','1','demp','[{"changed": {"fields": ["Product warranty"]}}]',8,1,2);
INSERT INTO "django_admin_log" VALUES(4,'2023-12-30 10:10:32.589462','1','demp','[{"changed": {"fields": ["Product warranty"]}}]',8,1,2);
INSERT INTO "django_admin_log" VALUES(5,'2023-12-31 10:57:26.183807','35','2023-12-31 False','[{"added": {}}]',12,1,1);
INSERT INTO "django_admin_log" VALUES(6,'2023-12-31 10:57:53.786250','36','2023-12-31 False','[{"added": {}}]',12,1,1);
INSERT INTO "django_admin_log" VALUES(7,'2023-12-31 12:00:22.793468','44','2024-03-07 False','[{"added": {}}]',12,1,1);
INSERT INTO "django_admin_log" VALUES(8,'2024-01-07 07:50:36.581786','7','keval 83204737230 kevalpatelletv1@gmail.com 7','',13,1,3);
INSERT INTO "django_admin_log" VALUES(9,'2024-01-07 07:50:36.585136','6','demo 12121 kevalpatelletv1@gmail.com 6','',13,1,3);
INSERT INTO "django_admin_log" VALUES(10,'2024-01-07 07:50:36.586705','5','None 5','',13,1,3);
INSERT INTO "django_admin_log" VALUES(11,'2024-01-07 07:50:36.588121','4','None 4','',13,1,3);
INSERT INTO "django_admin_log" VALUES(12,'2024-01-07 07:50:36.590702','3','None 3','',13,1,3);
INSERT INTO "django_admin_log" VALUES(13,'2024-01-07 07:50:36.594098','2','demo 6353335619 kevalpatelletv1@gmail.com 2','',13,1,3);
INSERT INTO "django_admin_log" VALUES(14,'2024-01-07 07:50:36.595852','1','keval 83204737230 kevalpatelletv1@gmail.com 1','',13,1,3);
CREATE UNIQUE INDEX "auth_group_permissions_group_id_permission_id_0cd325b0_uniq" ON "auth_group_permissions" ("group_id", "permission_id");
CREATE INDEX IF NOT EXISTS "auth_group_permissions_group_id_b120cbf9" ON "auth_group_permissions" ("group_id");
CREATE INDEX IF NOT EXISTS "auth_group_permissions_permission_id_84c5c92e" ON "auth_group_permissions" ("permission_id");
CREATE UNIQUE INDEX "auth_user_groups_user_id_group_id_94350c0c_uniq" ON "auth_user_groups" ("user_id", "group_id");
CREATE INDEX IF NOT EXISTS "auth_user_groups_user_id_6a12ed8b" ON "auth_user_groups" ("user_id");
CREATE INDEX IF NOT EXISTS "auth_user_groups_group_id_97559544" ON "auth_user_groups" ("group_id");
CREATE UNIQUE INDEX "auth_user_user_permissions_user_id_permission_id_14a6b632_uniq" ON "auth_user_user_permissions" ("user_id", "permission_id");
CREATE INDEX IF NOT EXISTS "auth_user_user_permissions_user_id_a95ead1b" ON "auth_user_user_permissions" ("user_id");
CREATE INDEX IF NOT EXISTS "auth_user_user_permissions_permission_id_1fbb5f2c" ON "auth_user_user_permissions" ("permission_id");
CREATE INDEX IF NOT EXISTS "django_admin_log_content_type_id_c4bce8eb" ON "django_admin_log" ("content_type_id");
CREATE INDEX IF NOT EXISTS "django_admin_log_user_id_c564eba6" ON "django_admin_log" ("user_id");
CREATE UNIQUE INDEX "django_content_type_app_label_model_76bd3d3b_uniq" ON "django_content_type" ("app_label", "model");
CREATE UNIQUE INDEX "auth_permission_content_type_id_codename_01ab375a_uniq" ON "auth_permission" ("content_type_id", "codename");
CREATE INDEX IF NOT EXISTS "auth_permission_content_type_id_2f476e4b" ON "auth_permission" ("content_type_id");
CREATE INDEX IF NOT EXISTS "django_session_expire_date_a5c62663" ON "django_session" ("expire_date");
CREATE INDEX IF NOT EXISTS "invoice_service_invoice_id_cb9689a5" ON "invoice_service" ("invoice_id");
CREATE INDEX IF NOT EXISTS "invoice_invoicedetail_invoice_id_3448508c" ON "invoice_invoicedetail" ("invoice_id");
CREATE INDEX IF NOT EXISTS "invoice_invoicedetail_product_id_bc576d1e" ON "invoice_invoicedetail" ("product_id");
CREATE INDEX IF NOT EXISTS "invoice_invoice_subscription_id_3a35089c" ON "invoice_invoice" ("subscription_id");
CREATE INDEX IF NOT EXISTS "invoice_complain_invoice_id_97f08f61" ON "invoice_complain" ("invoice_id");
CREATE TABLE IF NOT EXISTS "django_content_type" ("id" integer NOT NULL PRIMARY KEY AUTOINCREMENT, "app_label" varchar(100) NOT NULL, "model" varchar(100) NOT NULL);
INSERT INTO "django_content_type" VALUES(1,'admin','logentry');
INSERT INTO "django_content_type" VALUES(2,'auth','permission');
INSERT INTO "django_content_type" VALUES(3,'auth','group');
INSERT INTO "django_content_type" VALUES(4,'auth','user');
INSERT INTO "django_content_type" VALUES(5,'contenttypes','contenttype');
INSERT INTO "django_content_type" VALUES(6,'sessions','session');
INSERT INTO "django_content_type" VALUES(7,'sites','site');
INSERT INTO "django_content_type" VALUES(8,'invoice','product');
INSERT INTO "django_content_type" VALUES(9,'invoice','subscription');
INSERT INTO "django_content_type" VALUES(10,'invoice','invoice');
INSERT INTO "django_content_type" VALUES(11,'invoice','invoicedetail');
INSERT INTO "django_content_type" VALUES(12,'invoice','service');
INSERT INTO "django_content_type" VALUES(13,'invoice','complain');
CREATE UNIQUE INDEX "auth_group_permissions_group_id_permission_id_0cd325b0_uniq" ON "auth_group_permissions" ("group_id", "permission_id");
CREATE INDEX IF NOT EXISTS "auth_group_permissions_group_id_b120cbf9" ON "auth_group_permissions" ("group_id");
CREATE INDEX IF NOT EXISTS "auth_group_permissions_permission_id_84c5c92e" ON "auth_group_permissions" ("permission_id");
CREATE UNIQUE INDEX "auth_user_groups_user_id_group_id_94350c0c_uniq" ON "auth_user_groups" ("user_id", "group_id");
CREATE INDEX IF NOT EXISTS "auth_user_groups_user_id_6a12ed8b" ON "auth_user_groups" ("user_id");
CREATE INDEX IF NOT EXISTS "auth_user_groups_group_id_97559544" ON "auth_user_groups" ("group_id");
CREATE UNIQUE INDEX "auth_user_user_permissions_user_id_permission_id_14a6b632_uniq" ON "auth_user_user_permissions" ("user_id", "permission_id");
CREATE INDEX IF NOT EXISTS "auth_user_user_permissions_user_id_a95ead1b" ON "auth_user_user_permissions" ("user_id");
CREATE INDEX IF NOT EXISTS "auth_user_user_permissions_permission_id_1fbb5f2c" ON "auth_user_user_permissions" ("permission_id");
CREATE INDEX IF NOT EXISTS "django_admin_log_content_type_id_c4bce8eb" ON "django_admin_log" ("content_type_id");
CREATE INDEX IF NOT EXISTS "django_admin_log_user_id_c564eba6" ON "django_admin_log" ("user_id");
CREATE UNIQUE INDEX "django_content_type_app_label_model_76bd3d3b_uniq" ON "django_content_type" ("app_label", "model");
CREATE UNIQUE INDEX "auth_permission_content_type_id_codename_01ab375a_uniq" ON "auth_permission" ("content_type_id", "codename");
CREATE INDEX IF NOT EXISTS "auth_permission_content_type_id_2f476e4b" ON "auth_permission" ("content_type_id");
CREATE INDEX IF NOT EXISTS "django_session_expire_date_a5c62663" ON "django_session" ("expire_date");
CREATE INDEX IF NOT EXISTS "invoice_service_invoice_id_cb9689a5" ON "invoice_service" ("invoice_id");
CREATE INDEX IF NOT EXISTS "invoice_invoicedetail_invoice_id_3448508c" ON "invoice_invoicedetail" ("invoice_id");
CREATE INDEX IF NOT EXISTS "invoice_invoicedetail_product_id_bc576d1e" ON "invoice_invoicedetail" ("product_id");
CREATE INDEX IF NOT EXISTS "invoice_invoice_subscription_id_3a35089c" ON "invoice_invoice" ("subscription_id");
CREATE INDEX IF NOT EXISTS "invoice_complain_invoice_id_97f08f61" ON "invoice_complain" ("invoice_id");
CREATE TABLE IF NOT EXISTS "django_migrations" ("id" integer NOT NULL PRIMARY KEY AUTOINCREMENT, "app" varchar(255) NOT NULL, "name" varchar(255) NOT NULL, "applied" datetime NOT NULL);
INSERT INTO "django_migrations" VALUES(1,'contenttypes','0001_initial','2023-11-24 14:08:05.338739');
INSERT INTO "django_migrations" VALUES(2,'auth','0001_initial','2023-11-24 14:08:05.530942');
INSERT INTO "django_migrations" VALUES(3,'admin','0001_initial','2023-11-24 14:08:05.709776');
INSERT INTO "django_migrations" VALUES(4,'admin','0002_logentry_remove_auto_add','2023-11-24 14:08:05.847154');
INSERT INTO "django_migrations" VALUES(5,'admin','0003_logentry_add_action_flag_choices','2023-11-24 14:08:05.982719');
INSERT INTO "django_migrations" VALUES(6,'contenttypes','0002_remove_content_type_name','2023-11-24 14:08:06.149011');
INSERT INTO "django_migrations" VALUES(7,'auth','0002_alter_permission_name_max_length','2023-11-24 14:08:06.381150');
INSERT INTO "django_migrations" VALUES(8,'auth','0003_alter_user_email_max_length','2023-11-24 14:08:06.613088');
INSERT INTO "django_migrations" VALUES(9,'auth','0004_alter_user_username_opts','2023-11-24 14:08:06.917768');
INSERT INTO "django_migrations" VALUES(10,'auth','0005_alter_user_last_login_null','2023-11-24 14:08:07.177920');
INSERT INTO "django_migrations" VALUES(11,'auth','0006_require_contenttypes_0002','2023-11-24 14:08:07.334485');
INSERT INTO "django_migrations" VALUES(12,'auth','0007_alter_validators_add_error_messages','2023-11-24 14:08:07.483027');
INSERT INTO "django_migrations" VALUES(13,'auth','0008_alter_user_username_max_length','2023-11-24 14:08:07.663829');
INSERT INTO "django_migrations" VALUES(14,'auth','0009_alter_user_last_name_max_length','2023-11-24 14:08:07.885029');
INSERT INTO "django_migrations" VALUES(15,'auth','0010_alter_group_name_max_length','2023-11-24 14:08:08.031419');
INSERT INTO "django_migrations" VALUES(16,'auth','0011_update_proxy_permissions','2023-11-24 14:08:08.234161');
INSERT INTO "django_migrations" VALUES(17,'auth','0012_alter_user_first_name_max_length','2023-11-24 14:08:08.381758');
INSERT INTO "django_migrations" VALUES(18,'sessions','0001_initial','2023-11-24 14:08:08.521617');
INSERT INTO "django_migrations" VALUES(19,'sites','0001_initial','2023-11-24 14:08:08.668753');
INSERT INTO "django_migrations" VALUES(20,'sites','0002_alter_domain_unique','2023-11-24 14:08:08.961196');
INSERT INTO "django_migrations" VALUES(21,'invoice','0001_initial','2023-12-30 05:57:15.103242');
INSERT INTO "django_migrations" VALUES(22,'invoice','0002_auto_20231230_1128','2023-12-30 05:59:04.186637');
INSERT INTO "django_migrations" VALUES(23,'invoice','0003_product_makemigrations','2023-12-30 06:28:34.779459');
INSERT INTO "django_migrations" VALUES(24,'invoice','0004_auto_20231230_1205','2023-12-30 06:35:28.480510');
INSERT INTO "django_migrations" VALUES(25,'invoice','0005_auto_20231230_1205','2023-12-30 06:35:28.732192');
INSERT INTO "django_migrations" VALUES(26,'invoice','0006_auto_20231230_1312','2023-12-30 07:43:05.273414');
INSERT INTO "django_migrations" VALUES(27,'invoice','0007_auto_20231230_1534','2023-12-30 10:04:16.415555');
INSERT INTO "django_migrations" VALUES(28,'invoice','0008_auto_20231230_1535','2023-12-30 10:05:13.512673');
INSERT INTO "django_migrations" VALUES(29,'invoice','0009_auto_20231230_1549','2023-12-30 10:19:20.292993');
INSERT INTO "django_migrations" VALUES(30,'invoice','0010_auto_20231230_1610','2023-12-30 10:40:05.544838');
INSERT INTO "django_migrations" VALUES(31,'invoice','0011_auto_20231231_1131','2023-12-31 11:31:33.105884');
INSERT INTO "django_migrations" VALUES(32,'invoice','0012_complain','2024-01-06 05:59:26.103017');
INSERT INTO "django_migrations" VALUES(33,'invoice','0013_auto_20240106_1354','2024-01-06 13:54:46.996047');
INSERT INTO "django_migrations" VALUES(34,'invoice','0014_auto_20240107_0521','2024-01-07 05:21:45.428819');
INSERT INTO "django_migrations" VALUES(35,'invoice','0015_auto_20240107_0523','2024-01-07 05:23:18.691071');
CREATE UNIQUE INDEX "auth_group_permissions_group_id_permission_id_0cd325b0_uniq" ON "auth_group_permissions" ("group_id", "permission_id");
CREATE INDEX IF NOT EXISTS "auth_group_permissions_group_id_b120cbf9" ON "auth_group_permissions" ("group_id");
CREATE INDEX IF NOT EXISTS "auth_group_permissions_permission_id_84c5c92e" ON "auth_group_permissions" ("permission_id");
CREATE UNIQUE INDEX "auth_user_groups_user_id_group_id_94350c0c_uniq" ON "auth_user_groups" ("user_id", "group_id");
CREATE INDEX IF NOT EXISTS "auth_user_groups_user_id_6a12ed8b" ON "auth_user_groups" ("user_id");
CREATE INDEX IF NOT EXISTS "auth_user_groups_group_id_97559544" ON "auth_user_groups" ("group_id");
CREATE UNIQUE INDEX "auth_user_user_permissions_user_id_permission_id_14a6b632_uniq" ON "auth_user_user_permissions" ("user_id", "permission_id");
CREATE INDEX IF NOT EXISTS "auth_user_user_permissions_user_id_a95ead1b" ON "auth_user_user_permissions" ("user_id");
CREATE INDEX IF NOT EXISTS "auth_user_user_permissions_permission_id_1fbb5f2c" ON "auth_user_user_permissions" ("permission_id");
CREATE INDEX IF NOT EXISTS "django_admin_log_content_type_id_c4bce8eb" ON "django_admin_log" ("content_type_id");
CREATE INDEX IF NOT EXISTS "django_admin_log_user_id_c564eba6" ON "django_admin_log" ("user_id");
CREATE UNIQUE INDEX "django_content_type_app_label_model_76bd3d3b_uniq" ON "django_content_type" ("app_label", "model");
CREATE UNIQUE INDEX "auth_permission_content_type_id_codename_01ab375a_uniq" ON "auth_permission" ("content_type_id", "codename");
CREATE INDEX IF NOT EXISTS "auth_permission_content_type_id_2f476e4b" ON "auth_permission" ("content_type_id");
CREATE INDEX IF NOT EXISTS "django_session_expire_date_a5c62663" ON "django_session" ("expire_date");
CREATE INDEX IF NOT EXISTS "invoice_service_invoice_id_cb9689a5" ON "invoice_service" ("invoice_id");
CREATE INDEX IF NOT EXISTS "invoice_invoicedetail_invoice_id_3448508c" ON "invoice_invoicedetail" ("invoice_id");
CREATE INDEX IF NOT EXISTS "invoice_invoicedetail_product_id_bc576d1e" ON "invoice_invoicedetail" ("product_id");
CREATE INDEX IF NOT EXISTS "invoice_invoice_subscription_id_3a35089c" ON "invoice_invoice" ("subscription_id");
CREATE INDEX IF NOT EXISTS "invoice_complain_invoice_id_97f08f61" ON "invoice_complain" ("invoice_id");
CREATE TABLE IF NOT EXISTS "django_session" ("session_key" varchar(40) NOT NULL PRIMARY KEY, "session_data" text NOT NULL, "expire_date" datetime NOT NULL);
INSERT INTO "django_session" VALUES('hjx70cq6uhrdhspxq82bm9sm48j5pwtw','.eJxVjDsOwyAQRO9CHSHAHyBlep8BLexucBJhydhVlLsHSy6SaqQ3b-YtAuxbDnulNcworkKLyy-LkJ5UjgIfUO6LTEvZ1jnKQ5FnW-W0IL1up_t3kKHmtrbYJ1Kub6k0JaOVRcfIHY5u0Bi9HXzHSAzG4cje2tiAieB9csRKfL7s9DhX:1rJT2X:7UMvMAydAt3qsXYimpgVshG8lt9rOBlMz3uYEl6kFTM','2024-01-13 06:41:45.729406');
INSERT INTO "django_session" VALUES('lmu7xrjp8858wfwuqhe4gbxle835061q','.eJxVjDsOwyAQRO9CHSHAHyBlep8BLexucBJhydhVlLsHSy6SaqQ3b-YtAuxbDnulNcworkKLyy-LkJ5UjgIfUO6LTEvZ1jnKQ5FnW-W0IL1up_t3kKHmtrbYJ1Kub6k0JaOVRcfIHY5u0Bi9HXzHSAzG4cje2tiAieB9csRKfL7s9DhX:1rJtKr:8rGK3fJL9OQZa3Ms_di6vHMWq3ozbFiPoFvAgRlQj7c','2024-01-14 10:46:25.704170');
INSERT INTO "django_session" VALUES('1peigk12sv106dc0n9pdame5r8rrbu95','.eJxVjDsOwyAQRO9CHSHAHyBlep8BLexucBJhydhVlLsHSy6SaqQ3b-YtAuxbDnulNcworkKLyy-LkJ5UjgIfUO6LTEvZ1jnKQ5FnW-W0IL1up_t3kKHmtrbYJ1Kub6k0JaOVRcfIHY5u0Bi9HXzHSAzG4cje2tiAieB9csRKfL7s9DhX:1rMLda:3fAqLG4W9TTmkpH8rISm9T713oNjUi773uyJ4y4-0r8','2024-01-21 05:23:54.095786');
CREATE UNIQUE INDEX "auth_group_permissions_group_id_permission_id_0cd325b0_uniq" ON "auth_group_permissions" ("group_id", "permission_id");
CREATE INDEX IF NOT EXISTS "auth_group_permissions_group_id_b120cbf9" ON "auth_group_permissions" ("group_id");
CREATE INDEX IF NOT EXISTS "auth_group_permissions_permission_id_84c5c92e" ON "auth_group_permissions" ("permission_id");
CREATE UNIQUE INDEX "auth_user_groups_user_id_group_id_94350c0c_uniq" ON "auth_user_groups" ("user_id", "group_id");
CREATE INDEX IF NOT EXISTS "auth_user_groups_user_id_6a12ed8b" ON "auth_user_groups" ("user_id");
CREATE INDEX IF NOT EXISTS "auth_user_groups_group_id_97559544" ON "auth_user_groups" ("group_id");
CREATE UNIQUE INDEX "auth_user_user_permissions_user_id_permission_id_14a6b632_uniq" ON "auth_user_user_permissions" ("user_id", "permission_id");
CREATE INDEX IF NOT EXISTS "auth_user_user_permissions_user_id_a95ead1b" ON "auth_user_user_permissions" ("user_id");
CREATE INDEX IF NOT EXISTS "auth_user_user_permissions_permission_id_1fbb5f2c" ON "auth_user_user_permissions" ("permission_id");
CREATE INDEX IF NOT EXISTS "django_admin_log_content_type_id_c4bce8eb" ON "django_admin_log" ("content_type_id");
CREATE INDEX IF NOT EXISTS "django_admin_log_user_id_c564eba6" ON "django_admin_log" ("user_id");
CREATE UNIQUE INDEX "django_content_type_app_label_model_76bd3d3b_uniq" ON "django_content_type" ("app_label", "model");
CREATE UNIQUE INDEX "auth_permission_content_type_id_codename_01ab375a_uniq" ON "auth_permission" ("content_type_id", "codename");
CREATE INDEX IF NOT EXISTS "auth_permission_content_type_id_2f476e4b" ON "auth_permission" ("content_type_id");
CREATE INDEX IF NOT EXISTS "django_session_expire_date_a5c62663" ON "django_session" ("expire_date");
CREATE INDEX IF NOT EXISTS "invoice_service_invoice_id_cb9689a5" ON "invoice_service" ("invoice_id");
CREATE INDEX IF NOT EXISTS "invoice_invoicedetail_invoice_id_3448508c" ON "invoice_invoicedetail" ("invoice_id");
CREATE INDEX IF NOT EXISTS "invoice_invoicedetail_product_id_bc576d1e" ON "invoice_invoicedetail" ("product_id");
CREATE INDEX IF NOT EXISTS "invoice_invoice_subscription_id_3a35089c" ON "invoice_invoice" ("subscription_id");
CREATE INDEX IF NOT EXISTS "invoice_complain_invoice_id_97f08f61" ON "invoice_complain" ("invoice_id");
CREATE TABLE IF NOT EXISTS "django_site" ("id" integer NOT NULL PRIMARY KEY AUTOINCREMENT, "name" varchar(50) NOT NULL, "domain" varchar(100) NOT NULL UNIQUE);
INSERT INTO "django_site" VALUES(1,'example.com','example.com');
CREATE UNIQUE INDEX "auth_group_permissions_group_id_permission_id_0cd325b0_uniq" ON "auth_group_permissions" ("group_id", "permission_id");
CREATE INDEX IF NOT EXISTS "auth_group_permissions_group_id_b120cbf9" ON "auth_group_permissions" ("group_id");
CREATE INDEX IF NOT EXISTS "auth_group_permissions_permission_id_84c5c92e" ON "auth_group_permissions" ("permission_id");
CREATE UNIQUE INDEX "auth_user_groups_user_id_group_id_94350c0c_uniq" ON "auth_user_groups" ("user_id", "group_id");
CREATE INDEX IF NOT EXISTS "auth_user_groups_user_id_6a12ed8b" ON "auth_user_groups" ("user_id");
CREATE INDEX IF NOT EXISTS "auth_user_groups_group_id_97559544" ON "auth_user_groups" ("group_id");
CREATE UNIQUE INDEX "auth_user_user_permissions_user_id_permission_id_14a6b632_uniq" ON "auth_user_user_permissions" ("user_id", "permission_id");
CREATE INDEX IF NOT EXISTS "auth_user_user_permissions_user_id_a95ead1b" ON "auth_user_user_permissions" ("user_id");
CREATE INDEX IF NOT EXISTS "auth_user_user_permissions_permission_id_1fbb5f2c" ON "auth_user_user_permissions" ("permission_id");
CREATE INDEX IF NOT EXISTS "django_admin_log_content_type_id_c4bce8eb" ON "django_admin_log" ("content_type_id");
CREATE INDEX IF NOT EXISTS "django_admin_log_user_id_c564eba6" ON "django_admin_log" ("user_id");
CREATE UNIQUE INDEX "django_content_type_app_label_model_76bd3d3b_uniq" ON "django_content_type" ("app_label", "model");
CREATE UNIQUE INDEX "auth_permission_content_type_id_codename_01ab375a_uniq" ON "auth_permission" ("content_type_id", "codename");
CREATE INDEX IF NOT EXISTS "auth_permission_content_type_id_2f476e4b" ON "auth_permission" ("content_type_id");
CREATE INDEX IF NOT EXISTS "django_session_expire_date_a5c62663" ON "django_session" ("expire_date");
CREATE INDEX IF NOT EXISTS "invoice_service_invoice_id_cb9689a5" ON "invoice_service" ("invoice_id");
CREATE INDEX IF NOT EXISTS "invoice_invoicedetail_invoice_id_3448508c" ON "invoice_invoicedetail" ("invoice_id");
CREATE INDEX IF NOT EXISTS "invoice_invoicedetail_product_id_bc576d1e" ON "invoice_invoicedetail" ("product_id");
CREATE INDEX IF NOT EXISTS "invoice_invoice_subscription_id_3a35089c" ON "invoice_invoice" ("subscription_id");
CREATE INDEX IF NOT EXISTS "invoice_complain_invoice_id_97f08f61" ON "invoice_complain" ("invoice_id");
CREATE TABLE IF NOT EXISTS "invoice_complain" ("id" integer NOT NULL PRIMARY KEY AUTOINCREMENT, "created_date" date NOT NULL, "description" text NOT NULL, "invoice_id" integer NULL REFERENCES "invoice_invoice" ("id") DEFERRABLE INITIALLY DEFERRED, "is_resolved" bool NOT NULL);
INSERT INTO "invoice_complain" VALUES(8,'2024-01-07','issue in ro',1,0);
CREATE UNIQUE INDEX "auth_group_permissions_group_id_permission_id_0cd325b0_uniq" ON "auth_group_permissions" ("group_id", "permission_id");
CREATE INDEX IF NOT EXISTS "auth_group_permissions_group_id_b120cbf9" ON "auth_group_permissions" ("group_id");
CREATE INDEX IF NOT EXISTS "auth_group_permissions_permission_id_84c5c92e" ON "auth_group_permissions" ("permission_id");
CREATE UNIQUE INDEX "auth_user_groups_user_id_group_id_94350c0c_uniq" ON "auth_user_groups" ("user_id", "group_id");
CREATE INDEX IF NOT EXISTS "auth_user_groups_user_id_6a12ed8b" ON "auth_user_groups" ("user_id");
CREATE INDEX IF NOT EXISTS "auth_user_groups_group_id_97559544" ON "auth_user_groups" ("group_id");
CREATE UNIQUE INDEX "auth_user_user_permissions_user_id_permission_id_14a6b632_uniq" ON "auth_user_user_permissions" ("user_id", "permission_id");
CREATE INDEX IF NOT EXISTS "auth_user_user_permissions_user_id_a95ead1b" ON "auth_user_user_permissions" ("user_id");
CREATE INDEX IF NOT EXISTS "auth_user_user_permissions_permission_id_1fbb5f2c" ON "auth_user_user_permissions" ("permission_id");
CREATE INDEX IF NOT EXISTS "django_admin_log_content_type_id_c4bce8eb" ON "django_admin_log" ("content_type_id");
CREATE INDEX IF NOT EXISTS "django_admin_log_user_id_c564eba6" ON "django_admin_log" ("user_id");
CREATE UNIQUE INDEX "django_content_type_app_label_model_76bd3d3b_uniq" ON "django_content_type" ("app_label", "model");
CREATE UNIQUE INDEX "auth_permission_content_type_id_codename_01ab375a_uniq" ON "auth_permission" ("content_type_id", "codename");
CREATE INDEX IF NOT EXISTS "auth_permission_content_type_id_2f476e4b" ON "auth_permission" ("content_type_id");
CREATE INDEX IF NOT EXISTS "django_session_expire_date_a5c62663" ON "django_session" ("expire_date");
CREATE INDEX IF NOT EXISTS "invoice_service_invoice_id_cb9689a5" ON "invoice_service" ("invoice_id");
CREATE INDEX IF NOT EXISTS "invoice_invoicedetail_invoice_id_3448508c" ON "invoice_invoicedetail" ("invoice_id");
CREATE INDEX IF NOT EXISTS "invoice_invoicedetail_product_id_bc576d1e" ON "invoice_invoicedetail" ("product_id");
CREATE INDEX IF NOT EXISTS "invoice_invoice_subscription_id_3a35089c" ON "invoice_invoice" ("subscription_id");
CREATE INDEX IF NOT EXISTS "invoice_complain_invoice_id_97f08f61" ON "invoice_complain" ("invoice_id");
CREATE TABLE IF NOT EXISTS "invoice_invoice" ("id" integer NOT NULL PRIMARY KEY AUTOINCREMENT, "date" date NOT NULL, "contact" varchar(255) NULL, "email" varchar(254) NULL, "total" real NOT NULL, "subscription_id" integer NULL REFERENCES "invoice_subscription" ("id") DEFERRABLE INITIALLY DEFERRED, "alt_phone_number" bigint NULL, "phone_number" bigint NULL, "customer" varchar(255) NOT NULL);
INSERT INTO "invoice_invoice" VALUES(1,'2023-12-30','patel','kevalpatelletv1@gmail.com',24000.0,1,NULL,83204737230,'keval');
INSERT INTO "invoice_invoice" VALUES(6,'2023-12-30','demo','kevalpatelletv1@gmail.com',400050.0,1,NULL,6353335619,'demo');
INSERT INTO "invoice_invoice" VALUES(8,'2023-12-30','demo','kevalpatelletv1@gmail.com',145496.0,1,NULL,12121,'demo');
INSERT INTO "invoice_invoice" VALUES(9,'2023-12-30','address','kevalpatelletv1@gmail.com',222.0,1,81309741469,74389364639,'demo');
INSERT INTO "invoice_invoice" VALUES(10,'2023-12-30','address','kevalpatelletv1@gmail.com',74611.0,1,81309741469,74389364639,'demo');
INSERT INTO "invoice_invoice" VALUES(11,'2023-12-31','address','eatcsoftware@gmail.com',100.0,1,81309741469,74389364639,'demo');
INSERT INTO "invoice_invoice" VALUES(12,'2022-12-31','nikol','kevalpatelletv1@gmail.com',50000.0,2,999898989,8989898998,'ramesh bhai');
INSERT INTO "invoice_invoice" VALUES(13,'2023-12-31','demo','eatcsoftware@gmail.com',100.0,1,NULL,74389364639,'service_number');
INSERT INTO "invoice_invoice" VALUES(14,'2023-06-06','nikol','eatcsoftware@gmail.com',10.0,1,NULL,74389364639,'keval1');
INSERT INTO "invoice_invoice" VALUES(15,'2024-01-07','101 vishwa homes nikol','vipulpatel123@gamil.com',200.0,1,NULL,9998510885,'vipul bhai');
INSERT INTO "invoice_invoice" VALUES(16,'2024-01-07','nikol','kevalpatelletv1@gmail.com',100.0,1,NULL,6353335619,'keval demo');
INSERT INTO "invoice_invoice" VALUES(17,'2024-01-13','demo','demo@gmail.com',10.0,1,NULL,1221111111,'demo');
CREATE UNIQUE INDEX "auth_group_permissions_group_id_permission_id_0cd325b0_uniq" ON "auth_group_permissions" ("group_id", "permission_id");
CREATE INDEX IF NOT EXISTS "auth_group_permissions_group_id_b120cbf9" ON "auth_group_permissions" ("group_id");
CREATE INDEX IF NOT EXISTS "auth_group_permissions_permission_id_84c5c92e" ON "auth_group_permissions" ("permission_id");
CREATE UNIQUE INDEX "auth_user_groups_user_id_group_id_94350c0c_uniq" ON "auth_user_groups" ("user_id", "group_id");
CREATE INDEX IF NOT EXISTS "auth_user_groups_user_id_6a12ed8b" ON "auth_user_groups" ("user_id");
CREATE INDEX IF NOT EXISTS "auth_user_groups_group_id_97559544" ON "auth_user_groups" ("group_id");
CREATE UNIQUE INDEX "auth_user_user_permissions_user_id_permission_id_14a6b632_uniq" ON "auth_user_user_permissions" ("user_id", "permission_id");
CREATE INDEX IF NOT EXISTS "auth_user_user_permissions_user_id_a95ead1b" ON "auth_user_user_permissions" ("user_id");
CREATE INDEX IF NOT EXISTS "auth_user_user_permissions_permission_id_1fbb5f2c" ON "auth_user_user_permissions" ("permission_id");
CREATE INDEX IF NOT EXISTS "django_admin_log_content_type_id_c4bce8eb" ON "django_admin_log" ("content_type_id");
CREATE INDEX IF NOT EXISTS "django_admin_log_user_id_c564eba6" ON "django_admin_log" ("user_id");
CREATE UNIQUE INDEX "django_content_type_app_label_model_76bd3d3b_uniq" ON "django_content_type" ("app_label", "model");
CREATE UNIQUE INDEX "auth_permission_content_type_id_codename_01ab375a_uniq" ON "auth_permission" ("content_type_id", "codename");
CREATE INDEX IF NOT EXISTS "auth_permission_content_type_id_2f476e4b" ON "auth_permission" ("content_type_id");
CREATE INDEX IF NOT EXISTS "django_session_expire_date_a5c62663" ON "django_session" ("expire_date");
CREATE INDEX IF NOT EXISTS "invoice_service_invoice_id_cb9689a5" ON "invoice_service" ("invoice_id");
CREATE INDEX IF NOT EXISTS "invoice_invoicedetail_invoice_id_3448508c" ON "invoice_invoicedetail" ("invoice_id");
CREATE INDEX IF NOT EXISTS "invoice_invoicedetail_product_id_bc576d1e" ON "invoice_invoicedetail" ("product_id");
CREATE INDEX IF NOT EXISTS "invoice_invoice_subscription_id_3a35089c" ON "invoice_invoice" ("subscription_id");
CREATE INDEX IF NOT EXISTS "invoice_complain_invoice_id_97f08f61" ON "invoice_complain" ("invoice_id");
CREATE TABLE IF NOT EXISTS "invoice_invoicedetail" ("id" integer NOT NULL PRIMARY KEY AUTOINCREMENT, "amount" integer NOT NULL, "invoice_id" integer NULL REFERENCES "invoice_invoice" ("id") DEFERRABLE INITIALLY DEFERRED, "product_id" integer NULL REFERENCES "invoice_product" ("id") DEFERRABLE INITIALLY DEFERRED);
INSERT INTO "invoice_invoicedetail" VALUES(1,60,1,1);
INSERT INTO "invoice_invoicedetail" VALUES(5,1,6,6);
INSERT INTO "invoice_invoicedetail" VALUES(6,80,6,7);
INSERT INTO "invoice_invoicedetail" VALUES(8,1,8,9);
INSERT INTO "invoice_invoicedetail" VALUES(9,1,8,10);
INSERT INTO "invoice_invoicedetail" VALUES(10,12121,8,11);
INSERT INTO "invoice_invoicedetail" VALUES(11,1,9,13);
INSERT INTO "invoice_invoicedetail" VALUES(12,1,10,14);
INSERT INTO "invoice_invoicedetail" VALUES(13,1,10,15);
INSERT INTO "invoice_invoicedetail" VALUES(14,1,11,16);
INSERT INTO "invoice_invoicedetail" VALUES(15,1,12,17);
INSERT INTO "invoice_invoicedetail" VALUES(16,1,13,18);
INSERT INTO "invoice_invoicedetail" VALUES(17,1,14,19);
INSERT INTO "invoice_invoicedetail" VALUES(18,2,15,20);
INSERT INTO "invoice_invoicedetail" VALUES(19,1,16,21);
INSERT INTO "invoice_invoicedetail" VALUES(20,1,17,22);
CREATE UNIQUE INDEX "auth_group_permissions_group_id_permission_id_0cd325b0_uniq" ON "auth_group_permissions" ("group_id", "permission_id");
CREATE INDEX IF NOT EXISTS "auth_group_permissions_group_id_b120cbf9" ON "auth_group_permissions" ("group_id");
CREATE INDEX IF NOT EXISTS "auth_group_permissions_permission_id_84c5c92e" ON "auth_group_permissions" ("permission_id");
CREATE UNIQUE INDEX "auth_user_groups_user_id_group_id_94350c0c_uniq" ON "auth_user_groups" ("user_id", "group_id");
CREATE INDEX IF NOT EXISTS "auth_user_groups_user_id_6a12ed8b" ON "auth_user_groups" ("user_id");
CREATE INDEX IF NOT EXISTS "auth_user_groups_group_id_97559544" ON "auth_user_groups" ("group_id");
CREATE UNIQUE INDEX "auth_user_user_permissions_user_id_permission_id_14a6b632_uniq" ON "auth_user_user_permissions" ("user_id", "permission_id");
CREATE INDEX IF NOT EXISTS "auth_user_user_permissions_user_id_a95ead1b" ON "auth_user_user_permissions" ("user_id");
CREATE INDEX IF NOT EXISTS "auth_user_user_permissions_permission_id_1fbb5f2c" ON "auth_user_user_permissions" ("permission_id");
CREATE INDEX IF NOT EXISTS "django_admin_log_content_type_id_c4bce8eb" ON "django_admin_log" ("content_type_id");
CREATE INDEX IF NOT EXISTS "django_admin_log_user_id_c564eba6" ON "django_admin_log" ("user_id");
CREATE UNIQUE INDEX "django_content_type_app_label_model_76bd3d3b_uniq" ON "django_content_type" ("app_label", "model");
CREATE UNIQUE INDEX "auth_permission_content_type_id_codename_01ab375a_uniq" ON "auth_permission" ("content_type_id", "codename");
CREATE INDEX IF NOT EXISTS "auth_permission_content_type_id_2f476e4b" ON "auth_permission" ("content_type_id");
CREATE INDEX IF NOT EXISTS "django_session_expire_date_a5c62663" ON "django_session" ("expire_date");
CREATE INDEX IF NOT EXISTS "invoice_service_invoice_id_cb9689a5" ON "invoice_service" ("invoice_id");
CREATE INDEX IF NOT EXISTS "invoice_invoicedetail_invoice_id_3448508c" ON "invoice_invoicedetail" ("invoice_id");
CREATE INDEX IF NOT EXISTS "invoice_invoicedetail_product_id_bc576d1e" ON "invoice_invoicedetail" ("product_id");
CREATE INDEX IF NOT EXISTS "invoice_invoice_subscription_id_3a35089c" ON "invoice_invoice" ("subscription_id");
CREATE INDEX IF NOT EXISTS "invoice_complain_invoice_id_97f08f61" ON "invoice_complain" ("invoice_id");
CREATE TABLE IF NOT EXISTS "invoice_product" ("id" integer NOT NULL PRIMARY KEY AUTOINCREMENT, "product_name" varchar(255) NOT NULL, "product_price" real NOT NULL, "product_unit" varchar(255) NULL, "product_is_delete" bool NOT NULL, "product_warranty" varchar(20) NULL);
INSERT INTO "invoice_product" VALUES(1,'demp',400.0,NULL,0,'2 Year');
INSERT INTO "invoice_product" VALUES(2,'p1',70.0,NULL,0,'1');
INSERT INTO "invoice_product" VALUES(3,'p2',40.0,NULL,0,'1');
INSERT INTO "invoice_product" VALUES(4,'demo',50.0,NULL,0,'1 Year');
INSERT INTO "invoice_product" VALUES(5,'demo',50.0,NULL,0,'1 Year');
INSERT INTO "invoice_product" VALUES(6,'demo',50.0,NULL,0,'1 Year');
INSERT INTO "invoice_product" VALUES(7,'p2',5000.0,NULL,0,'2 Year');
INSERT INTO "invoice_product" VALUES(8,'RO - HiTEch li',12.0,NULL,0,'No warranties');
INSERT INTO "invoice_product" VALUES(9,'RO - HiTEch li',12.0,NULL,0,'No warranties');
INSERT INTO "invoice_product" VALUES(10,'jatin',32.0,NULL,0,'2 year');
INSERT INTO "invoice_product" VALUES(11,'p3',12.0,NULL,0,'1 year');
INSERT INTO "invoice_product" VALUES(12,'demo123',12.0,NULL,0,'1 YEAR');
INSERT INTO "invoice_product" VALUES(13,'demo123',222.0,NULL,0,'1 YEAR');
INSERT INTO "invoice_product" VALUES(14,'demo123',222.0,NULL,0,'1 YEAR');
INSERT INTO "invoice_product" VALUES(15,'demo2',74389.0,NULL,0,'No warranties');
INSERT INTO "invoice_product" VALUES(16,'demo123',100.0,NULL,0,'1 YEAR');
INSERT INTO "invoice_product" VALUES(17,'led tv',50000.0,NULL,0,'1 YEAR');
INSERT INTO "invoice_product" VALUES(18,'led tv',100.0,NULL,0,'1 YEAR');
INSERT INTO "invoice_product" VALUES(19,'demo',10.0,NULL,0,'1 YEAR');
INSERT INTO "invoice_product" VALUES(20,'jio cinema',100.0,NULL,0,'2 YEAR');
INSERT INTO "invoice_product" VALUES(21,'demo',100.0,NULL,0,'1 YEAR');
INSERT INTO "invoice_product" VALUES(22,'demo',10.0,NULL,0,'1 YEAR');
CREATE UNIQUE INDEX "auth_group_permissions_group_id_permission_id_0cd325b0_uniq" ON "auth_group_permissions" ("group_id", "permission_id");
CREATE INDEX IF NOT EXISTS "auth_group_permissions_group_id_b120cbf9" ON "auth_group_permissions" ("group_id");
CREATE INDEX IF NOT EXISTS "auth_group_permissions_permission_id_84c5c92e" ON "auth_group_permissions" ("permission_id");
CREATE UNIQUE INDEX "auth_user_groups_user_id_group_id_94350c0c_uniq" ON "auth_user_groups" ("user_id", "group_id");
CREATE INDEX IF NOT EXISTS "auth_user_groups_user_id_6a12ed8b" ON "auth_user_groups" ("user_id");
CREATE INDEX IF NOT EXISTS "auth_user_groups_group_id_97559544" ON "auth_user_groups" ("group_id");
CREATE UNIQUE INDEX "auth_user_user_permissions_user_id_permission_id_14a6b632_uniq" ON "auth_user_user_permissions" ("user_id", "permission_id");
CREATE INDEX IF NOT EXISTS "auth_user_user_permissions_user_id_a95ead1b" ON "auth_user_user_permissions" ("user_id");
CREATE INDEX IF NOT EXISTS "auth_user_user_permissions_permission_id_1fbb5f2c" ON "auth_user_user_permissions" ("permission_id");
CREATE INDEX IF NOT EXISTS "django_admin_log_content_type_id_c4bce8eb" ON "django_admin_log" ("content_type_id");
CREATE INDEX IF NOT EXISTS "django_admin_log_user_id_c564eba6" ON "django_admin_log" ("user_id");
CREATE UNIQUE INDEX "django_content_type_app_label_model_76bd3d3b_uniq" ON "django_content_type" ("app_label", "model");
CREATE UNIQUE INDEX "auth_permission_content_type_id_codename_01ab375a_uniq" ON "auth_permission" ("content_type_id", "codename");
CREATE INDEX IF NOT EXISTS "auth_permission_content_type_id_2f476e4b" ON "auth_permission" ("content_type_id");
CREATE INDEX IF NOT EXISTS "django_session_expire_date_a5c62663" ON "django_session" ("expire_date");
CREATE INDEX IF NOT EXISTS "invoice_service_invoice_id_cb9689a5" ON "invoice_service" ("invoice_id");
CREATE INDEX IF NOT EXISTS "invoice_invoicedetail_invoice_id_3448508c" ON "invoice_invoicedetail" ("invoice_id");
CREATE INDEX IF NOT EXISTS "invoice_invoicedetail_product_id_bc576d1e" ON "invoice_invoicedetail" ("product_id");
CREATE INDEX IF NOT EXISTS "invoice_invoice_subscription_id_3a35089c" ON "invoice_invoice" ("subscription_id");
CREATE INDEX IF NOT EXISTS "invoice_complain_invoice_id_97f08f61" ON "invoice_complain" ("invoice_id");
CREATE TABLE IF NOT EXISTS "invoice_service" ("id" integer NOT NULL PRIMARY KEY AUTOINCREMENT, "service_date" date NOT NULL, "generate_date" date NOT NULL, "complate_date" date NOT NULL, "is_complate" bool NOT NULL, "service_number" integer NOT NULL, "invoice_id" integer NULL REFERENCES "invoice_invoice" ("id") DEFERRABLE INITIALLY DEFERRED);
INSERT INTO "invoice_service" VALUES(1,'2024-04-30','2023-12-30','2024-01-06',1,1,1);
INSERT INTO "invoice_service" VALUES(2,'2024-08-30','2023-12-30','2024-08-30',0,2,1);
INSERT INTO "invoice_service" VALUES(3,'2024-12-30','2023-12-30','2024-12-30',0,3,1);
INSERT INTO "invoice_service" VALUES(16,'2024-04-30','2023-12-30','2024-04-30',0,1,6);
INSERT INTO "invoice_service" VALUES(17,'2024-08-30','2023-12-30','2024-08-30',0,2,6);
INSERT INTO "invoice_service" VALUES(18,'2024-12-30','2023-12-30','2024-12-30',0,3,6);
INSERT INTO "invoice_service" VALUES(22,'2024-04-30','2023-12-30','2024-04-30',0,1,8);
INSERT INTO "invoice_service" VALUES(23,'2024-08-30','2023-12-30','2024-08-30',0,2,8);
INSERT INTO "invoice_service" VALUES(24,'2024-12-30','2023-12-30','2024-12-30',0,3,8);
INSERT INTO "invoice_service" VALUES(25,'2024-04-30','2023-12-30','2024-04-30',0,1,9);
INSERT INTO "invoice_service" VALUES(26,'2024-08-30','2023-12-30','2024-08-30',0,2,9);
INSERT INTO "invoice_service" VALUES(27,'2024-12-30','2023-12-30','2024-12-30',0,3,9);
INSERT INTO "invoice_service" VALUES(28,'2024-04-30','2023-12-30','2024-04-30',0,1,10);
INSERT INTO "invoice_service" VALUES(29,'2024-08-30','2023-12-30','2024-08-30',0,2,10);
INSERT INTO "invoice_service" VALUES(30,'2024-12-30','2023-12-30','2024-12-30',0,3,10);
INSERT INTO "invoice_service" VALUES(31,'2024-04-30','2023-12-31','2024-04-30',0,1,11);
INSERT INTO "invoice_service" VALUES(32,'2024-08-30','2023-12-31','2024-08-30',0,2,11);
INSERT INTO "invoice_service" VALUES(33,'2024-12-30','2023-12-31','2024-12-30',0,3,11);
INSERT INTO "invoice_service" VALUES(34,'2025-04-30','2023-12-31','2025-04-30',0,4,11);
INSERT INTO "invoice_service" VALUES(35,'2023-12-31','2023-12-31','2023-12-31',1,0,1);
INSERT INTO "invoice_service" VALUES(36,'2023-12-31','2023-12-31','2023-12-31',1,0,1);
INSERT INTO "invoice_service" VALUES(37,'2023-04-30','2023-12-31','2023-04-30',0,1,12);
INSERT INTO "invoice_service" VALUES(38,'2023-08-30','2023-12-31','2023-08-30',0,2,12);
INSERT INTO "invoice_service" VALUES(39,'2023-12-30','2023-12-31','2023-12-30',0,3,12);
INSERT INTO "invoice_service" VALUES(40,'2024-04-30','2023-12-31','2024-04-30',0,4,12);
INSERT INTO "invoice_service" VALUES(41,'2024-08-30','2023-12-31','2024-08-30',0,5,12);
INSERT INTO "invoice_service" VALUES(42,'2024-12-30','2023-12-31','2024-12-30',0,6,12);
INSERT INTO "invoice_service" VALUES(43,'2025-04-30','2023-12-31','2025-04-30',0,7,12);
INSERT INTO "invoice_service" VALUES(44,'2024-03-07','2023-12-31','2024-03-07',0,0,9);
INSERT INTO "invoice_service" VALUES(45,'2024-04-30','2023-12-31','2024-04-30',0,1,13);
INSERT INTO "invoice_service" VALUES(46,'2024-08-30','2023-12-31','2024-08-30',0,2,13);
INSERT INTO "invoice_service" VALUES(47,'2024-12-30','2023-12-31','2024-12-30',0,3,13);
INSERT INTO "invoice_service" VALUES(48,'2025-04-30','2023-12-31','2025-04-30',0,4,13);
INSERT INTO "invoice_service" VALUES(49,'2023-10-06','2024-01-06','2023-10-06',0,1,14);
INSERT INTO "invoice_service" VALUES(50,'2024-02-06','2024-01-06','2024-02-06',0,2,14);
INSERT INTO "invoice_service" VALUES(51,'2024-06-06','2024-01-06','2024-06-06',0,3,14);
INSERT INTO "invoice_service" VALUES(52,'2024-05-07','2024-01-07','2024-05-07',0,1,15);
INSERT INTO "invoice_service" VALUES(53,'2024-09-07','2024-01-07','2024-09-07',0,2,15);
INSERT INTO "invoice_service" VALUES(54,'2025-01-07','2024-01-07','2025-01-07',0,3,15);
INSERT INTO "invoice_service" VALUES(55,'2024-05-07','2024-01-07','2024-05-07',0,1,16);
INSERT INTO "invoice_service" VALUES(56,'2024-09-07','2024-01-07','2024-09-07',0,2,16);
INSERT INTO "invoice_service" VALUES(57,'2025-01-07','2024-01-07','2025-01-07',0,3,16);
INSERT INTO "invoice_service" VALUES(58,'2024-05-13','2024-01-07','2024-05-13',0,1,17);
INSERT INTO "invoice_service" VALUES(59,'2024-09-13','2024-01-07','2024-09-13',0,2,17);
INSERT INTO "invoice_service" VALUES(60,'2025-01-13','2024-01-07','2025-01-13',0,3,17);
CREATE UNIQUE INDEX "auth_group_permissions_group_id_permission_id_0cd325b0_uniq" ON "auth_group_permissions" ("group_id", "permission_id");
CREATE INDEX IF NOT EXISTS "auth_group_permissions_group_id_b120cbf9" ON "auth_group_permissions" ("group_id");
CREATE INDEX IF NOT EXISTS "auth_group_permissions_permission_id_84c5c92e" ON "auth_group_permissions" ("permission_id");
CREATE UNIQUE INDEX "auth_user_groups_user_id_group_id_94350c0c_uniq" ON "auth_user_groups" ("user_id", "group_id");
CREATE INDEX IF NOT EXISTS "auth_user_groups_user_id_6a12ed8b" ON "auth_user_groups" ("user_id");
CREATE INDEX IF NOT EXISTS "auth_user_groups_group_id_97559544" ON "auth_user_groups" ("group_id");
CREATE UNIQUE INDEX "auth_user_user_permissions_user_id_permission_id_14a6b632_uniq" ON "auth_user_user_permissions" ("user_id", "permission_id");
CREATE INDEX IF NOT EXISTS "auth_user_user_permissions_user_id_a95ead1b" ON "auth_user_user_permissions" ("user_id");
CREATE INDEX IF NOT EXISTS "auth_user_user_permissions_permission_id_1fbb5f2c" ON "auth_user_user_permissions" ("permission_id");
CREATE INDEX IF NOT EXISTS "django_admin_log_content_type_id_c4bce8eb" ON "django_admin_log" ("content_type_id");
CREATE INDEX IF NOT EXISTS "django_admin_log_user_id_c564eba6" ON "django_admin_log" ("user_id");
CREATE UNIQUE INDEX "django_content_type_app_label_model_76bd3d3b_uniq" ON "django_content_type" ("app_label", "model");
CREATE UNIQUE INDEX "auth_permission_content_type_id_codename_01ab375a_uniq" ON "auth_permission" ("content_type_id", "codename");
CREATE INDEX IF NOT EXISTS "auth_permission_content_type_id_2f476e4b" ON "auth_permission" ("content_type_id");
CREATE INDEX IF NOT EXISTS "django_session_expire_date_a5c62663" ON "django_session" ("expire_date");
CREATE INDEX IF NOT EXISTS "invoice_service_invoice_id_cb9689a5" ON "invoice_service" ("invoice_id");
CREATE INDEX IF NOT EXISTS "invoice_invoicedetail_invoice_id_3448508c" ON "invoice_invoicedetail" ("invoice_id");
CREATE INDEX IF NOT EXISTS "invoice_invoicedetail_product_id_bc576d1e" ON "invoice_invoicedetail" ("product_id");
CREATE INDEX IF NOT EXISTS "invoice_invoice_subscription_id_3a35089c" ON "invoice_invoice" ("subscription_id");
CREATE INDEX IF NOT EXISTS "invoice_complain_invoice_id_97f08f61" ON "invoice_complain" ("invoice_id");
CREATE TABLE IF NOT EXISTS "invoice_subscription" ("id" integer NOT NULL PRIMARY KEY AUTOINCREMENT, "months" integer NOT NULL, "service_period" integer NOT NULL);
INSERT INTO "invoice_subscription" VALUES(1,12,4);
INSERT INTO "invoice_subscription" VALUES(2,24,4);
CREATE UNIQUE INDEX "auth_group_permissions_group_id_permission_id_0cd325b0_uniq" ON "auth_group_permissions" ("group_id", "permission_id");
CREATE INDEX IF NOT EXISTS "auth_group_permissions_group_id_b120cbf9" ON "auth_group_permissions" ("group_id");
CREATE INDEX IF NOT EXISTS "auth_group_permissions_permission_id_84c5c92e" ON "auth_group_permissions" ("permission_id");
CREATE UNIQUE INDEX "auth_user_groups_user_id_group_id_94350c0c_uniq" ON "auth_user_groups" ("user_id", "group_id");
CREATE INDEX IF NOT EXISTS "auth_user_groups_user_id_6a12ed8b" ON "auth_user_groups" ("user_id");
CREATE INDEX IF NOT EXISTS "auth_user_groups_group_id_97559544" ON "auth_user_groups" ("group_id");
CREATE UNIQUE INDEX "auth_user_user_permissions_user_id_permission_id_14a6b632_uniq" ON "auth_user_user_permissions" ("user_id", "permission_id");
CREATE INDEX IF NOT EXISTS "auth_user_user_permissions_user_id_a95ead1b" ON "auth_user_user_permissions" ("user_id");
CREATE INDEX IF NOT EXISTS "auth_user_user_permissions_permission_id_1fbb5f2c" ON "auth_user_user_permissions" ("permission_id");
CREATE INDEX IF NOT EXISTS "django_admin_log_content_type_id_c4bce8eb" ON "django_admin_log" ("content_type_id");
CREATE INDEX IF NOT EXISTS "django_admin_log_user_id_c564eba6" ON "django_admin_log" ("user_id");
CREATE UNIQUE INDEX "django_content_type_app_label_model_76bd3d3b_uniq" ON "django_content_type" ("app_label", "model");
CREATE UNIQUE INDEX "auth_permission_content_type_id_codename_01ab375a_uniq" ON "auth_permission" ("content_type_id", "codename");
CREATE INDEX IF NOT EXISTS "auth_permission_content_type_id_2f476e4b" ON "auth_permission" ("content_type_id");
CREATE INDEX IF NOT EXISTS "django_session_expire_date_a5c62663" ON "django_session" ("expire_date");
CREATE INDEX IF NOT EXISTS "invoice_service_invoice_id_cb9689a5" ON "invoice_service" ("invoice_id");
CREATE INDEX IF NOT EXISTS "invoice_invoicedetail_invoice_id_3448508c" ON "invoice_invoicedetail" ("invoice_id");
CREATE INDEX IF NOT EXISTS "invoice_invoicedetail_product_id_bc576d1e" ON "invoice_invoicedetail" ("product_id");
CREATE INDEX IF NOT EXISTS "invoice_invoice_subscription_id_3a35089c" ON "invoice_invoice" ("subscription_id");
CREATE INDEX IF NOT EXISTS "invoice_complain_invoice_id_97f08f61" ON "invoice_complain" ("invoice_id");
